<?xml version="1.0" encoding="UTF-8"?>
<addon id="plugin.video.veronline" name="VerOnline" version="1.0.1" provider-name="Tú">
    <requires>
        <import addon="xbmc.python" version="3.0.0"/>
    </requires>
    <extension point="xbmc.python.pluginsource" library="default.py" />
    <extension point="xbmc.addon.metadata">
        <summary lang="es">Addon para ver contenido de VerOnline</summary>
        <description lang="es">Addon que permite ver el contenido de la página VerOnline.tax directamente en Kodi.</description>
        <platform>all</platform>
        <icon>resources/icon.png</icon>
        <fanart>resources/fanart.jpg</fanart>
    </extension>
</addon>
